agent,threshold,default_value,default_decision,n_grid_points_that_flip,n_grid_points_total,flip_distance_in_steps
onpolicy/scripts/results/MPE/simple_spread/mappo/phase2_3_seed3/run1/models/checkpoint_2982400,detect_k_sigma,2.0,True,0,5,
onpolicy/scripts/results/MPE/simple_spread/mappo/phase2_3_seed1/run1/models/checkpoint_1958400,detect_k_sigma,2.0,True,0,5,
onpolicy/scripts/results/MPE/simple_spread/mappo/phase2_3_seed3/run1/models/checkpoint_2982400,detect_k_sigma,2.0,True,0,5,
onpolicy/scripts/results/MPE/simple_spread/mappo/phase2_3_seed1/run1/models/checkpoint_1958400,detect_k_sigma,2.0,True,0,5,
onpolicy/scripts/results/MPE/simple_spread/mappo/phase2_3_seed3/run1/models/checkpoint_2982400,detect_k_sigma,2.0,True,0,5,
onpolicy/scripts/results/MPE/simple_spread/mappo/phase2_3_seed1/run1/models/checkpoint_1958400,detect_k_sigma,2.0,True,0,5,
onpolicy/scripts/results/MPE/simple_spread/mappo/phase2_3_seed3/run1/models/checkpoint_2982400,detect_min_ratio,0.5,True,0,5,
onpolicy/scripts/results/MPE/simple_spread/mappo/phase2_3_seed1/run1/models/checkpoint_1958400,detect_min_ratio,0.5,True,0,5,
onpolicy/scripts/results/MPE/simple_spread/mappo/phase2_3_seed3/run1/models/checkpoint_2982400,detect_min_ratio,0.5,True,0,5,
onpolicy/scripts/results/MPE/simple_spread/mappo/phase2_3_seed1/run1/models/checkpoint_1958400,detect_min_ratio,0.5,True,0,5,
onpolicy/scripts/results/MPE/simple_spread/mappo/phase2_3_seed3/run1/models/checkpoint_2982400,detect_min_ratio,0.5,True,0,5,
onpolicy/scripts/results/MPE/simple_spread/mappo/phase2_3_seed1/run1/models/checkpoint_1958400,detect_min_ratio,0.5,True,0,5,
onpolicy/scripts/results/MPE/simple_spread/mappo/phase2_3_seed3/run1/models/checkpoint_2982400,detect_reward_drop_ratio,0.15,True,2,5,1
onpolicy/scripts/results/MPE/simple_spread/mappo/phase2_3_seed1/run1/models/checkpoint_1958400,detect_reward_drop_ratio,0.15,True,0,5,
onpolicy/scripts/results/MPE/simple_spread/mappo/phase2_3_seed3/run1/models/checkpoint_2982400,detect_reward_drop_ratio,0.15,True,2,5,1
onpolicy/scripts/results/MPE/simple_spread/mappo/phase2_3_seed1/run1/models/checkpoint_1958400,detect_reward_drop_ratio,0.15,True,0,5,
onpolicy/scripts/results/MPE/simple_spread/mappo/phase2_3_seed3/run1/models/checkpoint_2982400,detect_reward_drop_ratio,0.15,True,2,5,1
onpolicy/scripts/results/MPE/simple_spread/mappo/phase2_3_seed1/run1/models/checkpoint_1958400,detect_reward_drop_ratio,0.15,True,0,5,
onpolicy/scripts/results/MPE/simple_spread/mappo/phase2_3_seed3/run1/models/checkpoint_2982400,reward_only_drop_ratio,0.3,False,0,5,
onpolicy/scripts/results/MPE/simple_spread/mappo/phase2_3_seed1/run1/models/checkpoint_1958400,reward_only_drop_ratio,0.3,False,1,5,2
onpolicy/scripts/results/MPE/simple_spread/mappo/phase2_3_seed3/run1/models/checkpoint_2982400,reward_only_drop_ratio,0.3,False,0,5,
onpolicy/scripts/results/MPE/simple_spread/mappo/phase2_3_seed1/run1/models/checkpoint_1958400,reward_only_drop_ratio,0.3,False,1,5,2
onpolicy/scripts/results/MPE/simple_spread/mappo/phase2_3_seed3/run1/models/checkpoint_2982400,reward_only_drop_ratio,0.3,False,0,5,
onpolicy/scripts/results/MPE/simple_spread/mappo/phase2_3_seed1/run1/models/checkpoint_1958400,reward_only_drop_ratio,0.3,False,1,5,2
onpolicy/scripts/results/MPE/simple_spread/mappo/phase2_3_seed3/run1/models/checkpoint_2982400,select_severe_reward_ratio,0.5,comm,0,5,
onpolicy/scripts/results/MPE/simple_spread/mappo/phase2_3_seed1/run1/models/checkpoint_1958400,select_severe_reward_ratio,0.5,comm,0,5,
onpolicy/scripts/results/MPE/simple_spread/mappo/phase2_3_seed3/run1/models/checkpoint_2982400,select_severe_reward_ratio,0.5,comm,0,5,
onpolicy/scripts/results/MPE/simple_spread/mappo/phase2_3_seed1/run1/models/checkpoint_1958400,select_severe_reward_ratio,0.5,comm,0,5,
onpolicy/scripts/results/MPE/simple_spread/mappo/phase2_3_seed3/run1/models/checkpoint_2982400,select_severe_reward_ratio,0.5,comm,0,5,
onpolicy/scripts/results/MPE/simple_spread/mappo/phase2_3_seed1/run1/models/checkpoint_1958400,select_severe_reward_ratio,0.5,comm,0,5,
onpolicy/scripts/results/MPE/simple_spread/mappo/phase2_3_seed3/run1/models/checkpoint_2982400,select_sharp_value_sens_ratio,0.5,comm,0,5,
onpolicy/scripts/results/MPE/simple_spread/mappo/phase2_3_seed1/run1/models/checkpoint_1958400,select_sharp_value_sens_ratio,0.5,comm,0,5,
onpolicy/scripts/results/MPE/simple_spread/mappo/phase2_3_seed3/run1/models/checkpoint_2982400,select_sharp_value_sens_ratio,0.5,comm,0,5,
onpolicy/scripts/results/MPE/simple_spread/mappo/phase2_3_seed1/run1/models/checkpoint_1958400,select_sharp_value_sens_ratio,0.5,comm,0,5,
onpolicy/scripts/results/MPE/simple_spread/mappo/phase2_3_seed3/run1/models/checkpoint_2982400,select_sharp_value_sens_ratio,0.5,comm,0,5,
onpolicy/scripts/results/MPE/simple_spread/mappo/phase2_3_seed1/run1/models/checkpoint_1958400,select_sharp_value_sens_ratio,0.5,comm,0,5,
onpolicy/scripts/results/MPE/simple_spread/mappo/phase2_3_seed3/run1/models/checkpoint_2982400,accept_reward_recovery,0.3,True,0,5,
onpolicy/scripts/results/MPE/simple_spread/mappo/phase2_3_seed1/run1/models/checkpoint_1958400,accept_reward_recovery,0.3,True,0,5,
onpolicy/scripts/results/MPE/simple_spread/mappo/phase2_3_seed3/run1/models/checkpoint_2982400,accept_comm_recovery,0.3,True,0,5,
onpolicy/scripts/results/MPE/simple_spread/mappo/phase2_3_seed1/run1/models/checkpoint_1958400,accept_comm_recovery,0.3,True,0,5,
