run_id,scale,scale_name,num_agents,num_landmarks,seed,arm,arm_name,checkpoint,baseline_reward,baseline_no_msg_reward,baseline_comm_effect,baseline_value_sens,baseline_kl,degraded_reward,degraded_no_msg_reward,degraded_comm_effect,degraded_value_sens,degraded_kl,detector_fired,reward_drop_ratio,comm_drop_ratio,repair_target,repaired_reward,repaired_comm_effect,repaired_value_sens,repaired_kl,reward_recovery_pct,comm_recovery_pct,repair_decision,heldout_validation,heldout_reward_recovery,heldout_comm_recovery,normal_reward_retention_loss
2a3l_seed1_causal_adaptive,2a3l,2Agents_3Landmarks,2,3,1,causal_adaptive,Causal Adaptive Repair (Ours),checkpoint_best,-2383.8,-3794.0,1410.3,0.419,0.087,-2185.4,-2101.0,-84.4,0.695,0.066,False,-0.08,,none,,,,,,,NO_REPAIR_TRIGGERED,N/A,,,
2a3l_seed1_naive_reward_only,2a3l,2Agents_3Landmarks,2,3,1,naive_reward_only,Naive Reward-Only Trigger,checkpoint_best,-2383.8,-3794.0,1410.3,0.419,0.087,-2185.4,-2101.0,-84.4,0.695,0.066,False,-0.08,,none,,,,,,,NO_REPAIR_TRIGGERED,N/A,,,
2a3l_seed2_causal_adaptive,2a3l,2Agents_3Landmarks,2,3,2,causal_adaptive,Causal Adaptive Repair (Ours),checkpoint_best,-2090.5,-2484.6,394.1,0.969,0.075,-2086.2,-2001.8,-84.4,0.599,0.037,False,-0.0,,none,,,,,,,NO_REPAIR_TRIGGERED,N/A,,,
2a3l_seed2_naive_reward_only,2a3l,2Agents_3Landmarks,2,3,2,naive_reward_only,Naive Reward-Only Trigger,checkpoint_best,-2090.5,-2484.6,394.1,0.969,0.075,-2086.2,-2001.8,-84.4,0.599,0.037,False,-0.0,,none,,,,,,,NO_REPAIR_TRIGGERED,N/A,,,
2a3l_seed3_causal_adaptive,2a3l,2Agents_3Landmarks,2,3,3,causal_adaptive,Causal Adaptive Repair (Ours),checkpoint_best,-2206.4,-2601.9,395.5,0.562,0.053,-2245.9,-2179.4,-66.5,0.764,0.034,False,0.02,,none,,,,,,,NO_REPAIR_TRIGGERED,N/A,,,
2a3l_seed3_naive_reward_only,2a3l,2Agents_3Landmarks,2,3,3,naive_reward_only,Naive Reward-Only Trigger,checkpoint_best,-2206.4,-2601.9,395.5,0.562,0.053,-2245.9,-2179.4,-66.5,0.764,0.034,False,0.02,,none,,,,,,,NO_REPAIR_TRIGGERED,N/A,,,
2a3l_seed4_causal_adaptive,2a3l,2Agents_3Landmarks,2,3,4,causal_adaptive,Causal Adaptive Repair (Ours),checkpoint_best,-2300.4,-2464.1,163.7,0.795,0.007,-17292.7,-19684.1,2391.4,0.744,0.004,False,6.52,,none,,,,,,,NO_REPAIR_TRIGGERED,N/A,,,
2a3l_seed4_naive_reward_only,2a3l,2Agents_3Landmarks,2,3,4,naive_reward_only,Naive Reward-Only Trigger,checkpoint_best,-2300.4,-2464.1,163.7,0.795,0.007,-17292.7,-19684.1,2391.4,0.744,0.004,True,6.52,,lora,-2170.3,481.9,0.578,0.055,100.5,107.4,ACCEPTED,CONFIRMED,,,
2a3l_seed5_causal_adaptive,2a3l,2Agents_3Landmarks,2,3,5,causal_adaptive,Causal Adaptive Repair (Ours),checkpoint_best,-1936.4,-2069.6,133.2,0.789,0.029,-2062.7,-2097.6,35.0,1.273,0.03,False,0.07,,none,,,,,,,NO_REPAIR_TRIGGERED,N/A,,,
2a3l_seed5_naive_reward_only,2a3l,2Agents_3Landmarks,2,3,5,naive_reward_only,Naive Reward-Only Trigger,checkpoint_best,-1936.4,-2069.6,133.2,0.789,0.029,-2062.7,-2097.6,35.0,1.273,0.03,False,0.07,,none,,,,,,,NO_REPAIR_TRIGGERED,N/A,,,
3a4l_seed1_causal_adaptive,3a4l,3Agents_4Landmarks,3,4,1,causal_adaptive,Causal Adaptive Repair (Ours),checkpoint_best,-4939.1,-6358.3,1419.2,0.838,0.152,-5881.3,-5498.4,-382.9,0.538,0.079,True,,,lora,-5027.5,29720.4,0.43,0.275,,1174.7,ACCEPTED,N/A,,,
3a4l_seed1_naive_reward_only,3a4l,3Agents_4Landmarks,3,4,1,naive_reward_only,Naive Reward-Only Trigger,checkpoint_best,-5084.5,-6363.3,1278.8,0.834,0.153,-6373.0,-5250.3,-1122.7,0.487,0.071,False,0.25,,none,,,,,,,NO_REPAIR_TRIGGERED,N/A,,,
3a4l_seed2_causal_adaptive,3a4l,3Agents_4Landmarks,3,4,2,causal_adaptive,Causal Adaptive Repair (Ours),checkpoint_best,-5993.2,-5919.7,-73.4,0.271,0.078,-5459.9,-6004.3,544.4,0.469,0.035,False,-0.09,,none,,,,,,,NO_REPAIR_TRIGGERED,N/A,,,
3a4l_seed2_naive_reward_only,3a4l,3Agents_4Landmarks,3,4,2,naive_reward_only,Naive Reward-Only Trigger,checkpoint_best,-5993.2,-5919.7,-73.4,0.271,0.078,-5459.9,-6004.3,544.4,0.469,0.035,False,-0.09,,none,,,,,,,NO_REPAIR_TRIGGERED,N/A,,,
3a4l_seed3_causal_adaptive,3a4l,3Agents_4Landmarks,3,4,3,causal_adaptive,Causal Adaptive Repair (Ours),checkpoint_best,-7136.1,-8084.7,948.6,0.784,0.019,-7339.4,-38469.6,31130.2,0.625,0.009,False,0.03,,none,,,,,,,NO_REPAIR_TRIGGERED,N/A,,,
3a4l_seed3_naive_reward_only,3a4l,3Agents_4Landmarks,3,4,3,naive_reward_only,Naive Reward-Only Trigger,checkpoint_best,-7136.1,-8084.7,948.6,0.784,0.019,-7339.4,-38469.6,31130.2,0.625,0.009,False,0.03,,none,,,,,,,NO_REPAIR_TRIGGERED,N/A,,,
3a4l_seed4_causal_adaptive,3a4l,3Agents_4Landmarks,3,4,4,causal_adaptive,Causal Adaptive Repair (Ours),checkpoint_best,-4982.0,-6440.5,1458.5,0.705,0.168,-5261.0,-5953.3,692.3,0.676,0.102,False,0.06,,none,,,,,,,NO_REPAIR_TRIGGERED,N/A,,,
3a4l_seed4_naive_reward_only,3a4l,3Agents_4Landmarks,3,4,4,naive_reward_only,Naive Reward-Only Trigger,checkpoint_best,-4982.0,-6440.5,1458.5,0.705,0.168,-5261.0,-5953.3,692.3,0.676,0.102,False,0.06,,none,,,,,,,NO_REPAIR_TRIGGERED,N/A,,,
3a4l_seed5_causal_adaptive,3a4l,3Agents_4Landmarks,3,4,5,causal_adaptive,Causal Adaptive Repair (Ours),checkpoint_best,-4732.8,-5975.5,1242.6,0.829,0.059,-6202.5,-6304.0,101.5,0.517,0.049,True,0.31,,full,,,,,58.4,-16.7,REJECTED,FAILED,,,
3a4l_seed5_naive_reward_only,3a4l,3Agents_4Landmarks,3,4,5,naive_reward_only,Naive Reward-Only Trigger,checkpoint_best,-4732.8,-5975.5,1242.6,0.829,0.059,-6202.5,-6304.0,101.5,0.517,0.049,True,0.31,,lora,-4884.8,695.4,0.226,0.075,105.5,83.5,ACCEPTED,CONFIRMED,,,
4a5l_seed1_causal_adaptive,4a5l,4Agents_5Landmarks,4,5,1,causal_adaptive,Causal Adaptive Repair (Ours),checkpoint_1958400_repair_runs,,,,,,,,,,,False,,,none,,,,,,,NO_REPAIR_TRIGGERED,N/A,,,
4a5l_seed1_naive_reward_only,4a5l,4Agents_5Landmarks,4,5,1,naive_reward_only,Naive Reward-Only Trigger,checkpoint_1958400_repair_runs,,,,,,,,,,,False,,,none,,,,,,,NO_REPAIR_TRIGGERED,N/A,,,
4a5l_seed1_noncomm_repair,4a5l,4Agents_5Landmarks,4,5,1,noncomm_repair,Non-Comm Parameter Repair,checkpoint_1958400_repair_runs,,,,,,,,,,,False,,,none,,,,,,,NO_REPAIR_TRIGGERED,N/A,,,
4a5l_seed1_no_repair,4a5l,4Agents_5Landmarks,4,5,1,no_repair,No-Repair Baseline,checkpoint_1958400_repair_runs,,,,,,,,,,,False,,,none,,,,,,,NO_REPAIR_TRIGGERED,N/A,,,
4a5l_seed3_causal_adaptive,4a5l,4Agents_5Landmarks,4,5,3,causal_adaptive,Causal Adaptive Repair (Ours),checkpoint_2982400,-1974.2,-2519.3,545.1,0.731,1.852,-2230.3,-2061.0,-169.3,0.952,0.541,False,,,none,,,,,,,NO_REPAIR_TRIGGERED,N/A,,,
4a5l_seed3_naive_reward_only,4a5l,4Agents_5Landmarks,4,5,3,naive_reward_only,Naive Reward-Only Trigger,checkpoint_2982400,-1974.2,-2519.3,545.1,0.731,1.852,-2230.3,-2061.0,-169.3,0.952,0.541,False,,,none,,,,,,,NO_REPAIR_TRIGGERED,N/A,,,
4a5l_seed3_noncomm_repair,4a5l,4Agents_5Landmarks,4,5,3,noncomm_repair,Non-Comm Parameter Repair,checkpoint_2982400,-1974.2,-2519.3,545.1,0.731,1.852,-2230.3,-2061.0,-169.3,0.952,0.541,False,,,none,,,,,,,NO_REPAIR_TRIGGERED,N/A,,,
4a5l_seed3_no_repair,4a5l,4Agents_5Landmarks,4,5,3,no_repair,No-Repair Baseline,checkpoint_2982400,-1974.2,-2519.3,545.1,0.731,1.852,-2230.3,-2061.0,-169.3,0.952,0.541,False,,,none,,,,,,,NO_REPAIR_TRIGGERED,N/A,,,
